name,manifestation_type,geothermal_system,id,t_out,pH,ac_carbonate,chloride,sulfate,calcium,magnesium,sodium,potassium,lithium,silica,δ18O-H2O,δD-H2O,T_reservoir
Rincón de las papas,Thermal spring,Domuyo,RP1(jp),46.0,6.9,740.0,970.0,115.0,102.0,17.2,715.0,72.0,4.1,115.0,-8.9,-77.0,166.0
Rincón de las papas,Thermal spring,Domuyo,RP2(jp),40.2,7.0,780.0,2900.0,76.0,209.0,50.7,1570.0,104.0,10.6,123.0,-8.9,-77.0,174.0
Rincón de las papas,Thermal spring,Domuyo,RP(88),39.5,6.6,1098.0,2400.0,89.0,78.0,50.0,1495.0,88.0,11.0,124.0,-13.44,-112.2,159.7
El Humazo,Fumarole,Domuyo,EH1(jp),97.5,7.2,100.0,2000.0,230.0,34.6,0.2,1330.0,152.0,12.1,240.0,-8.9,-77.0,223.0
El Humazo,Fumarole,Domuyo,EH1(88),93.5,8.2,98.0,1750.0,259.0,33.0,0.4,1185.0,124.0,12.0,261.0,-8.9,-77.0,218.0
El Humazo,Fumarole,Domuyo,CEH3(jp),97.5,7.2,20.0,1.0,1.0,0.1,0.1,0.2,0.1,0.1,0.1,-13.71,-110.0,225.5
Las Olletas,Fumarole,Domuyo,LO1(jp),94.5,8.0,110.0,1500.0,154.0,43.2,1.1,973.0,53.0,9.0,200.0,-8.9,-77.0,172.0
Las Olletas,Fumarole,Domuyo,LO2(jp),93.5,7.6,110.0,1700.0,176.0,47.4,1.1,1050.0,72.0,9.7,197.0,-8.9,-77.0,185.0
Las Olletas,Fumarole,Domuyo,LO(88),93.6,7.9,122.0,1300.0,188.0,39.0,1.3,895.0,48.0,8.5,197.0,-14.16,-113.5,176.0
Aguas Calientes,Thermal spring,Domuyo,AC-1(jp),79.0,7.4,80.0,1265.0,128.0,34.4,0.9,1090.0,51.0,7.3,155.0,-8.9,-77.0,168.0
Aguas Calientes,Thermal spring,Domuyo,AC-2(jp),62.2,6.9,120.0,450.0,18.0,14.8,1.5,280.0,22.0,2.5,162.0,-8.9,-77.0,183.0
Aguas Calientes,Thermal spring,Domuyo,AC-3(jp),60.5,8.0,90.0,1012.0,100.0,26.0,1.4,679.0,41.0,5.6,172.0,-8.9,-77.0,175.0
Aguas Calientes,Thermal spring,Domuyo,AC-4(jp),67.7,6.4,140.0,1175.0,118.0,48.6,2.0,715.0,44.0,6.3,166.0,-8.9,-77.0,166.0
Aguas Calientes,Thermal spring,Domuyo,AC-5(jp),61.0,6.5,180.0,1200.0,118.0,58.0,2.3,729.0,49.0,6.1,147.0,-8.9,-77.0,166.0
Aguas Calientes,Thermal spring,Domuyo,AC-6(jp),66.1,7.1,90.0,780.0,78.0,25.0,2.0,580.0,46.0,5.3,192.0,-8.9,-77.0,188.0
Aguas Calientes,Thermal spring,Domuyo,AC4(85),61.5,7.9,95.0,1030.0,82.0,25.0,1.6,680.0,42.0,6.2,184.0,-14.6,-110.8,177.5
Aguas Calientes,Thermal spring,Domuyo,AC5(88),61.6,7.0,171.0,950.0,123.0,51.0,2.6,647.0,37.0,5.7,148.0,-14.4,-110.6,177.5
Aguas Calientes,Thermal spring,Domuyo,AC6(88),55.0,6.9,104.0,800.0,106.0,24.0,2.4,545.0,36.0,5.0,193.0,-13.67,-110.1,183.4
Baños del Agua Caliente,Thermal spring,Domuyo,AC-7(jp),47.0,7.0,100.0,825.0,88.0,21.6,2.7,554.0,41.0,4.5,181.0,-8.9,-77.0,184.0
Baños del Agua Caliente,Thermal spring,Domuyo,BAC7(85),45.5,6.2,105.0,723.0,56.0,19.0,2.6,450.0,36.0,4.4,177.6,-14.2,-110.2,186.6
Los Tachos,Fumarole,Domuyo,LT-11(jp),93.8,7.4,110.0,1900.0,196.0,55.6,1.5,1240.0,88.0,10.2,198.0,-8.9,-77.0,188.0
Los Tachos,Thermal spring,Domuyo,LT-12(jp),64.9,6.4,60.0,760.0,78.0,12.5,0.3,465.0,55.0,4.1,162.0,-8.9,-77.0,214.0
Los Tachos,Thermal spring,Domuyo,LT-13(jp),58.4,6.2,80.0,920.0,94.0,14.7,0.3,537.0,68.0,4.9,164.0,-8.9,-77.0,219.0
Los Tachos,Fumarole,Domuyo,LT1(88),93.5,8.3,128.0,1700.0,212.0,53.0,2.0,1150.0,60.0,10.0,218.0,-8.9,-77.0,178.8
Los Tachos,Fumarole,Domuyo,LT12(85),64.0,6.6,125.0,733.0,60.0,14.0,0.31,475.0,54.0,4.6,169.0,-14.8,-112.1,211.3
El Humazo,Thermal spring,Domuyo,dot3,97.2,8.32,78.0,2020.0,219.0,37.5,0.07,1280.0,129.0,12.37,245.0,-8.9,-77.0,233.0
Los Tachos,Thermal spring,Domuyo,dot4,96.2,8.1,119.0,1820.0,187.0,58.7,0.6,1160.0,67.5,11.16,278.0,-8.9,-77.0,192.0
Las Olletas,Thermal spring,Domuyo,dot7,97.0,8.0,102.0,1590.0,160.0,36.1,0.51,1020.0,57.0,9.91,341.0,-8.9,-77.0,190.0
Agua Caliente,Thermal spring,Domuyo,dot9,67.5,6.81,103.0,945.0,96.0,26.7,1.04,630.0,40.3,5.54,125.0,-8.9,-77.0,199.0
El Humazo,Fumarole,Domuyo,D1b,97.0,8.32,124.0,1720.0,308.0,45.0,3.1,1160.0,141.0,11.0,250.0,-13.7,-114.0,249.0
El Humazo,Fumarole,Domuyo,D1d,92.0,8.05,122.0,2230.0,258.0,83.0,3.8,1380.0,160.0,14.0,241.0,-8.9,-77.0,245.0
Los Tachos,Fumarole,Domuyo,D2b,94.0,7.9,160.0,1780.0,230.0,57.0,1.9,1270.0,63.0,11.0,241.0,-13.4,-111.0,182.0
Los Tachos,Fumarole,Domuyo,D2c,93.0,8.54,110.0,1920.0,202.0,37.0,0.75,1200.0,77.0,10.0,236.0,-8.9,-77.0,200.0
Las Olletas,Fumarole,Domuyo,D3b,94.0,8.34,464.0,1420.0,164.0,55.0,1.9,1100.0,60.0,9.8,200.0,-13.1,-110.0,188.0
Las Olletas,Fumarole,Domuyo,D3c,91.0,7.92,110.0,1680.0,170.0,43.0,0.2,1060.0,74.0,9.4,196.0,-8.9,-77.0,206.0
El Humazo De Los Tachos,Fumarole,Domuyo,D4b,92.0,8.56,98.0,2570.0,300.0,50.0,1.7,1600.0,160.0,15.0,192.0,-8.9,-77.0,232.0
Aguas Calientes vertiente,Thermal spring,Domuyo,D6,67.0,6.72,134.0,930.0,119.0,27.0,1.6,630.0,50.0,5.5,191.0,-14.0,-112.0,214.0
Bagno La Piedra,Thermal spring,Domuyo,D7,48.0,6.9,153.0,720.0,83.0,24.0,2.9,560.0,39.0,4.7,161.0,-14.6,-114.0,204.0
Aguas Calientes salida,Thermal spring,Domuyo,D8,46.0,7.83,166.0,920.0,112.0,40.0,2.8,705.0,46.0,6.0,180.0,-14.7,-115.0,201.0
Las Papas,Bubbling pool,Domuyo,D9b,40.0,6.07,1280.0,2330.0,126.0,271.0,56.0,1690.0,107.0,11.0,123.0,-14.0,-118.0,198.0
Manchana Covunco,Creek,Domuyo,D10,28.0,8.77,137.0,800.0,275.0,104.0,5.2,590.0,63.0,5.0,121.0,-14.3,-114.0,238.0
Tocomar,Thermal spring,Tuzgle-Tocomar,TCM1,52.3,6.42,827.0,900.0,217.0,37.0,6.5,952.0,98.0,12.0,155.0,-9.5,-81.5,235.0
Tocomar,Thermal spring,Tuzgle-Tocomar,TCM2,44.1,6.09,751.0,900.0,222.0,35.0,2.6,923.0,87.0,12.0,160.0,-9.6,-82.8,228.0
Tocomar,Thermal spring,Tuzgle-Tocomar,TCM3,38.8,6.87,824.0,906.0,217.0,44.0,5.0,924.0,91.0,12.0,167.0,-9.6,-80.9,231.0
Tocomar,Thermal spring,Tuzgle-Tocomar,TCM4,70.2,6.51,769.0,879.0,212.0,34.0,5.0,854.0,78.0,11.0,141.0,-9.6,-81.3,225.0
Tocomar,Thermal spring,Tuzgle-Tocomar,TCM5,30.3,5.84,776.0,852.0,207.0,33.0,4.0,892.0,84.0,11.0,135.0,-10.2,-84.2,228.0
Tocomar,Thermal spring,Tuzgle-Tocomar,TCM6,47.2,6.43,732.0,624.0,244.0,46.0,6.0,742.0,66.0,7.16,167.0,-9.7,-82.0,223.0
Rosario Coyaguayma 1,Thermal spring,Puna Plateau (N)-Pairique,RC1,59.8,6.74,1300.0,4020.0,463.0,183.0,33.0,3190.0,209.0,29.0,169.0,-3.2,-74.0,198.0
Rosario Coyaguayma 2,Thermal spring,Puna Plateau (N)-Pairique,RC2,58.6,6.7,1290.0,3670.0,399.0,163.0,31.0,3014.0,191.0,26.0,156.0,-3.5,-71.0,201.0
Rosario Coyaguayma 3,Thermal spring,Puna Plateau (N)-Pairique,RC3,62.4,6.64,1250.0,3930.0,430.0,181.0,32.0,3150.0,215.0,29.0,158.0,-2.9,-69.0,204.0
Pairique 1,Thermal spring,Puna Plateau (N)-Pairique,P1,44.2,7.1,643.0,345.0,126.0,11.0,5.0,499.0,9.1,0.49,109.0,-8.9,-61.0,121.0
Pairique 2,Thermal spring,Puna Plateau (N)-Pairique,P2,43.5,7.02,572.0,352.0,121.0,11.0,5.0,478.0,8.0,0.47,111.0,-9.5,-65.0,125.0
Mina Pirquitas 1,Thermal spring,Puna Plateau (N)-Pairique,MP1,22.0,6.32,2820.0,9030.0,431.0,364.0,137.0,5570.0,202.0,67.0,56.0,-1.4,-68.0,163.0
Mina Pirquitas 2,Thermal spring,Puna Plateau (N)-Pairique,MP2,16.7,6.46,3230.0,10100.0,427.0,373.0,155.0,6620.0,243.0,81.0,62.0,-1.3,-66.0,165.0
Mina Pirquitas 3,Creek,Puna Plateau (N)-Pairique,MP3,11.7,7.73,1970.0,6240.0,359.0,234.0,104.0,3930.0,152.0,54.0,57.0,-1.9,-72.0,167.0
Queñual 2,Thermal spring,Puna Plateau (N)-Pairique,Q2,50.5,7.62,1170.0,2310.0,131.0,118.0,29.0,1740.0,55.0,10.0,163.0,-8.5,-73.0,155.0
Queñual 3,Thermal spring,Puna Plateau (N)-Pairique,Q3,47.1,6.5,1240.0,3030.0,57.0,147.0,40.0,2260.0,99.0,15.0,169.0,-8.1,-74.0,165.0
Queñual 4,Thermal spring,Puna Plateau (N)-Pairique,Q4,45.6,6.68,1390.0,4070.0,30.0,210.0,55.0,2510.0,81.0,15.0,151.0,-7.8,-75.0,174.0
Baños de Pompeya,Thermal spring,Baños de Pompeya,POC-2,35.0,6.7,1240.0,1262.0,298.0,11.0,25.0,1350.0,128.0,13.0,46.0,-10.2,-82.0,224.5
Baños de Pompeya,Thermal spring,Baños de Pompeya,POC-1,50.0,6.5,1080.0,1364.0,251.0,8.9,24.0,1200.0,109.0,11.0,44.0,-10.4,-81.0,221.4
Baños de Pompeya,Thermal spring,Baños de Pompeya,POC-3,52.0,6.8,1220.0,1338.0,254.0,11.0,25.0,1187.0,111.0,12.0,44.0,-10.6,-81.0,220.8
Baños de Incachule,Thermal spring,Baños de Incachule,981,47.0,6.3,732.0,354.0,62.0,50.0,5.0,460.0,39.0,11.08,120.0,-8.9,-77.0,181.0
Baños de Incachule,Thermal spring,Baños de Incachule,982,46.0,6.5,732.0,354.0,82.0,50.0,5.0,460.0,39.0,11.08,114.0,-8.9,-72.0,181.0
Baños de Incachule,Thermal spring,Baños de Incachule,983,44.0,6.3,732.0,351.0,48.0,50.0,5.0,460.0,39.0,11.08,104.0,-8.9,-77.0,181.0
Baños de Incachule,Thermal spring,Baños de Incachule,984,40.0,6.3,732.0,340.0,40.0,36.0,5.0,460.0,39.0,11.08,120.0,-8.9,-77.0,184.0
Tocomar,Thermal spring,Tuzgle-Tocomar,TO-19,56.4,7.8,768.0,860.0,221.0,36.0,3.4,814.0,91.6,9.13,116.8,-8.9,-77.0,212.0
Tocomar,Thermal spring,Tuzgle-Tocomar,TO-20,50.5,7.7,762.0,761.0,218.0,41.0,5.11,750.0,86.5,8.42,99.9,-8.9,-77.0,211.0
Tocomar,Thermal spring,Tuzgle-Tocomar,TO-21,38.3,7.6,786.0,848.0,255.0,32.0,3.28,845.0,87.2,9.16,125.6,-8.9,-77.0,208.0
Tocomar,Thermal spring,Tuzgle-Tocomar,TO-22,64.0,7.9,817.0,850.0,251.0,31.0,4.25,856.0,81.3,10.3,160.0,-9.9,-79.7,204.0
Tocomar,Thermal spring,Tuzgle-Tocomar,TO-23,60.6,7.7,783.0,832.0,245.0,33.0,4.13,825.0,81.8,10.4,144.8,-8.9,-77.0,205.0
Tocomar,Thermal spring,Tuzgle-Tocomar,TO-24,52.5,8.0,865.0,794.0,246.0,32.0,3.28,840.0,78.2,9.79,133.7,-8.9,-77.0,202.0
Tocomar,Thermal spring,Tuzgle-Tocomar,TO-25,47.0,7.9,848.0,803.0,243.0,28.0,3.89,837.0,81.7,10.2,133.5,-9.9,-76.4,207.0
Tocomar,Thermal spring,Tuzgle-Tocomar,RTO-30,54.0,8.0,823.0,848.0,270.0,43.0,4.13,848.0,76.0,10.9,137.3,-9.7,-81.1,197.0
Tocomar,Thermal spring,Tuzgle-Tocomar,TOC-1,35.0,6.7,725.0,808.0,192.0,7.3,4.2,740.0,65.0,10.0,67.0,-10.1,-84.0,211.2
Tocomar,Thermal spring,Tuzgle-Tocomar,TOC-2,45.0,6.5,730.0,828.0,185.0,5.8,4.2,730.0,64.0,10.0,67.0,-10.3,-84.0,213.2
Tocomar,Thermal spring,Tuzgle-Tocomar,TOC-3,62.0,6.8,740.0,828.0,187.0,12.0,3.7,740.0,66.0,10.0,69.0,-10.2,-84.0,207.1
Tocomar,Thermal spring,Tuzgle-Tocomar,TOC-4,47.0,6.6,720.0,828.0,183.0,8.6,3.7,740.0,66.0,10.0,68.0,-10.2,-84.0,210.5
Tocomar,Thermal spring,Tuzgle-Tocomar,TOC-5,55.0,6.6,720.0,828.0,186.0,12.0,3.6,725.0,69.0,10.0,61.0,-10.3,-86.0,210.6
Tocomar,Thermal spring,Tuzgle-Tocomar,TOC6,60.0,6.8,700.0,827.0,176.0,5.8,5.6,650.0,61.0,9.0,55.0,-10.0,-79.0,215.0
Antuco,Thermal spring,Antuco,551,28.0,6.0,854.0,8153.0,1152.0,481.0,182.0,5977.0,782.0,11.08,0.0,-8.9,-68.0,237.0
Antuco,Thermal spring,Antuco,552,27.0,6.1,854.0,8508.0,1152.0,481.0,170.0,5747.0,782.0,11.08,0.0,-8.9,-65.0,239.0
Antuco,Thermal spring,Antuco,553,28.0,6.1,854.0,8153.0,1152.0,481.0,158.0,5747.0,473.0,11.08,0.0,-8.9,-64.0,235.0
Antuco,Thermal spring,Antuco,554,28.0,6.2,854.0,8862.0,1201.0,481.0,170.0,5747.0,782.0,11.08,0.0,-8.9,-63.0,239.0
Aguas Calientes del Tuzgle,Thermal spring,Tuzgle-Tocomar,AC-TU-04,43.5,7.56,399.4,1044.0,223.8,52.1,7.29,767.8,97.4,8.17,125.6,-8.9,-77.0,214.0
Aguas Calientes del Tuzgle,Thermal spring,Tuzgle-Tocomar,AC-TU-05,48.6,7.65,399.4,1609.0,177.2,103.0,16.5,994.2,135.2,13.1,126.2,-9.8,-69.0,217.0
Aguas Calientes del Tuzgle,Thermal spring,Tuzgle-Tocomar,AC-TU-07,53.5,7.55,450.1,2218.0,136.9,131.5,22.6,1322.0,1442.8,14.9,129.2,-8.9,-77.0,206.0
Aguas Calientes del Tuzgle,Thermal spring,Tuzgle-Tocomar,AC-TU-08,50.0,7.45,420.1,2384.0,101.3,158.3,30.4,1336.0,159.6,16.5,135.0,-9.1,-51.6,211.0
Aguas Calientes del Tuzgle,Thermal spring,Tuzgle-Tocomar,AC-TU-10,42.5,7.75,462.9,1248.0,127.3,89.4,13.1,839.1,79.7,8.28,148.7,-8.9,-77.0,193.0
Aguas Calientes del Tuzgle,Thermal spring,Tuzgle-Tocomar,TUC-1,49.0,6.1,370.0,1410.0,145.0,101.0,15.0,900.0,131.0,13.0,72.0,-9.6,-76.0,220.0
Aguas Calientes del Tuzgle,Thermal spring,Tuzgle-Tocomar,TUC-2,56.0,6.2,444.0,2120.0,104.0,123.0,21.0,1230.0,141.0,17.0,64.0,-9.2,-76.0,209.0
Aguas Calientes del Tuzgle,Thermal spring,Tuzgle-Tocomar,TUC-3,48.5,6.7,440.0,808.0,91.0,13.0,7.9,580.0,62.0,7.4,72.0,-10.2,-77.0,212.0
Aguas Calientes del Tuzgle,Thermal spring,Tuzgle-Tocomar,TUC-4,45.0,6.4,400.0,1110.0,89.0,43.0,11.0,690.0,75.0,9.2,75.0,-9.9,-77.0,205.0
Aguas Calientes del Tuzgle,Thermal spring,Tuzgle-Tocomar,TUC-5,41.0,6.1,432.0,2000.0,63.0,88.0,22.0,1120.0,129.0,16.0,75.0,-8.9,-77.0,211.0
Aguas Calientes del Tuzgle,Thermal spring,Tuzgle-Tocomar,TUC-6,42.0,6.1,426.0,2220.0,80.0,108.0,22.0,1260.0,137.0,17.0,75.0,-9.1,-77.0,208.0
Aguas Calientes del Tuzgle,Thermal spring,Tuzgle-Tocomar,TUC-7,39.0,6.0,418.0,2000.0,71.0,96.0,19.0,1110.0,123.0,15.0,73.0,-9.2,-76.0,207.0
Mina Betty,Thermal spring,Tuzgle-Tocomar,M-Be-15,21.0,7.8,182.0,388.6,46.6,55.3,16.5,221.4,26.7,2.06,58.2,-8.9,-77.0,186.0
Mina Betty,Thermal spring,Tuzgle-Tocomar,MB,20.0,6.7,162.0,347.0,34.0,53.0,15.0,180.0,23.0,2.1,64.0,-8.9,-77.0,186.0
Laguna La Quinta,Thermal spring,Laguna La Quinta,Q1,53.0,7.0,909.0,6250.0,1240.0,302.0,55.0,4400.0,310.0,7.0,1240.0,-6.6,-43.0,196.0
El Idolo (P7),Thermal spring,El Palmar,P7,51.0,7.1,1110.0,553.0,1080.0,141.0,33.0,1030.0,73.0,3.2,87.0,-7.5,-44.0,177.0
El Idolo (P8),Thermal spring,El Palmar,P8,49.0,7.2,1120.0,563.0,1060.0,141.0,33.0,1030.0,58.0,3.2,86.0,-7.2,-44.0,165.0
El Idolo (P9),Thermal spring,El Palmar,P9,48.0,7.1,1110.0,572.0,1090.0,141.0,33.0,1030.0,63.0,3.3,84.0,-7.4,-42.0,168.0
Fuente Roja (P3),Thermal spring,El Palmar,P3,42.0,6.7,6.7,458.0,939.0,135.0,34.0,860.0,55.0,2.6,72.0,-7.4,-43.0,169.0
Fuente Verde (P5),Thermal spring,El Palmar,P5,45.0,7.1,7.1,563.0,1020.0,135.0,32.0,1000.0,58.0,3.2,90.0,-7.4,-44.0,166.0
Fuente Verde (P6),Thermal spring,El Palmar,P6,45.0,7.2,7.2,553.0,1010.0,135.0,32.0,1000.0,53.0,3.2,85.0,-7.5,-45.0,162.0
Baños Troncoso,Thermal spring,Laguna El Maule,TR,32.2,7.72,9.2,181.0,1482.0,589.3,0.82,128.0,2.49,483.0,28.0,-8.9,-77.0,192.0
Baños Campanario,Bubbling pool,Laguna El Maule,CA,52.6,6.02,501.3,10691.0,621.0,1809.0,80.1,5125.0,330.0,7023.0,76.0,-8.9,-77.0,120.0
Cajón Grande,Thermal spring,Laguna El Maule,CG,53.1,6.44,354.7,14114.0,1598.0,695.0,120.0,10250.0,156.0,1449.0,110.0,-14.7,-108.9,120.0
Guanaco,Thermal spring,Laguna El Maule,GU,29.2,6.8,263.1,3216.0,2288.0,578.0,73.9,2700.0,47.0,826.0,23.3,-15.4,-112.8,120.0
Planchón Peteroa,Thermal spring,Planchón Peteroa,17,24.0,6.95,564.4,8389.9,1177.2,767.9,25.0,3698.0,728.7,3.2,32.1,-13.3,-96.8,293.0
Planchón Peteroa,Thermal spring,Planchón Peteroa,36,54.5,6.78,518.0,11950.5,628.7,1818.0,98.3,5391.0,328.3,6.7,71.5,-13.6,-100.6,195.6
Planchón Peteroa,Thermal spring,Planchón Peteroa,39,33.7,9.44,5.5,53.1,151.5,29.8,0.03,57.3,1.3,0.1,30.0,-9.0,-58.6,136.9
El Tatio (Chile),Thermal spring,El Tatio,227,85.0,7.4,45.0,8220.0,38.0,280.0,3.7,4600.0,520.0,47.0,256.0,-5.5,-69.0,227.0
El Tatio (Chile),Thermal spring,El Tatio,241,85.0,7.4,44.0,7870.0,26.0,278.0,3.7,4320.0,525.0,45.0,280.0,-5.7,-68.0,231.0
El Tatio (Chile),Thermal spring,El Tatio,224,85.0,7.2,54.0,6890.0,35.0,244.0,3.7,3860.0,445.0,40.0,207.0,-6.0,-68.0,226.0
El Tatio (Chile),Thermal spring,El Tatio,195,86.0,7.7,68.0,6280.0,29.0,239.0,3.7,3440.0,360.0,34.0,125.0,-6.0,-66.0,218.0
El Tatio (Chile),Thermal spring,El Tatio,146,86.0,7.7,74.0,6190.0,35.0,249.0,3.7,3500.0,306.0,35.0,126.0,-6.0,-65.0,206.0
El Tatio (Chile),Thermal spring,El Tatio,96,86.0,7.3,46.0,5840.0,46.0,248.0,3.7,3460.0,170.0,32.0,180.0,-6.2,-66.0,174.0
El Tatio (Chile),Thermal spring,El Tatio,202,86.0,7.3,71.0,5630.0,37.0,218.0,3.7,3140.0,336.0,33.0,137.0,-6.2,-65.0,218.0
El Tatio (Chile),Thermal spring,El Tatio,112,86.0,7.6,69.0,5560.0,35.0,236.0,3.7,3200.0,235.0,30.0,130.0,-6.1,-68.0,195.0
El Tatio (Chile),Thermal spring,El Tatio,56,85.0,7.6,87.0,5380.0,46.0,232.0,3.7,3060.0,150.0,27.0,207.0,-6.1,-64.0,172.0
El Tatio (Chile),Thermal spring,El Tatio,319,83.0,6.3,65.0,5370.0,22.0,171.0,3.7,3000.0,367.0,27.0,149.0,-6.0,-67.0,229.0
El Tatio (Chile),Thermal spring,El Tatio,65,86.0,6.7,96.0,5240.0,42.0,225.0,3.7,2880.0,145.0,28.0,177.0,-6.5,-67.0,173.0
El Tatio (Chile),Thermal spring,El Tatio,132,79.0,6.5,92.0,4970.0,45.0,208.0,3.7,2820.0,175.0,27.0,181.0,-6.9,-67.0,184.0
El Tatio (Chile),Thermal spring,El Tatio,246,64.0,6.2,168.0,4310.0,46.0,160.0,3.7,2360.0,235.0,21.0,161.0,-7.1,-63.0,211.0
El Tatio (Chile),Thermal spring,El Tatio,7,84.0,7.3,288.0,4210.0,62.0,147.0,3.7,2560.0,230.0,24.0,258.0,-7.2,-66.0,207.0
El Tatio (Chile),Thermal spring,El Tatio,181,85.0,6.9,118.0,4010.0,36.0,170.0,3.7,2250.0,230.0,11.08,122.0,-7.0,-64.0,211.0
El Tatio (Chile),Thermal spring,El Tatio,215,73.0,6.6,138.0,3120.0,44.0,129.0,3.7,1810.0,195.0,11.08,150.0,-7.5,-61.0,213.0
El Tatio (Chile),Thermal spring,El Tatio,281,37.0,3.2,0.0,2790.0,171.0,90.0,3.7,1570.0,200.0,16.0,176.0,-7.5,-61.0,224.0
El Tatio (Chile),Thermal spring,El Tatio,3,80.0,6.7,242.0,1830.0,78.0,113.0,3.7,1080.0,103.0,11.0,218.0,-7.8,-61.0,196.0
El Tatio (Chile),Thermal spring,El Tatio,255,40.0,7.21,239.0,1190.0,58.0,48.0,3.7,760.0,82.0,8.0,150.0,-8.3,-61.0,205.0
El Tatio (Chile),Thermal spring,El Tatio,NE,58.0,6.9,360.0,950.0,30.0,59.0,3.7,604.0,68.0,6.0,149.0,-8.4,-62.0,201.0
El Tatio (Chile),Thermal spring,El Tatio,A9,55.0,8.2,872.0,760.0,5.0,28.0,3.7,540.0,64.0,4.0,188.0,-8.4,-57.0,209.0
El Tatio (Chile),Bubbling pool,El Tatio,1,73.6,6.01,183.0,7622.0,42.7,259.0,0.43,4338.0,501.0,33.5,169.0,-3.9,-67.4,232.0
El Tatio (Chile),Geyser,El Tatio,2,73.5,6.39,183.0,7810.0,44.2,235.0,0.64,4322.0,477.0,34.3,184.0,-4.71,-70.1,228.0
El Tatio (Chile),Bubbling pool,El Tatio,4,74.4,7.14,183.0,7810.0,43.1,231.0,0.22,4404.0,542.0,34.0,188.0,-4.9,-69.9,237.0
El Tatio (Chile),Geyser,El Tatio,5,73.4,7.33,183.0,7899.0,42.9,227.0,0.75,4345.0,519.0,32.6,205.0,-5.03,-71.8,235.0
El Tatio (Chile),Geyser,El Tatio,6,74.8,6.97,183.0,7891.0,42.5,242.0,0.64,4459.0,595.0,32.5,198.0,-4.6,-71.2,245.0
Alpehue (Chile),Thermal spring,Alpehue-Sollipulli Volcano,ALP01,95.4,7.2,179.0,429.98,77.22,2.14,0.07,396.0,27.51,1542.2,392.2,-7.38,-64.59,262.0
Alpehue (Chile),Thermal spring,Alpehue-Sollipulli Volcano,ALP03,95.4,8.3,101.9,416.73,75.79,1.88,0.07,423.5,27.51,1401.6,412.7,-7.57,-67.11,256.3
Alpehue (Chile),Thermal spring,Alpehue-Sollipulli Volcano,ALP05,95.4,7.8,99.2,395.18,87.54,2.73,0.07,390.5,23.21,1561.5,369.3,-6.45,-61.48,248.6
Alpehue (Chile),Thermal spring,Alpehue-Sollipulli Volcano,ALP07,95.4,8.6,110.1,385.19,385.19,1.43,0.07,372.0,23.15,1485.9,372.9,-7.38,-62.87,252.6
Puchuldiza-Tuja (Chile),Thermal spring,Puchuldiza-Tuja,PT01,87.7,5.61,228.0,2700.0,135.0,34.0,2.5,1600.0,197.0,13.0,146.0,-10.24,-95.18,249.474
Puchuldiza-Tuja (Chile),Thermal spring,Puchuldiza-Tuja,PT02,87.2,6.16,186.0,2675.0,140.0,30.0,1.5,1575.0,197.0,13.0,140.0,-10.23,-96.52,250.822
Puchuldiza-Tuja (Chile),Thermal spring,Puchuldiza-Tuja,PT03,77.6,6.31,198.0,2850.0,145.0,19.0,0.5,1706.0,219.0,14.0,134.0,-9.0,-92.93,253.059
Puchuldiza-Tuja (Chile),Thermal spring,Puchuldiza-Tuja,PT04,51.3,5.9,271.0,2710.0,125.0,47.0,0.5,1700.0,214.0,13.0,140.0,-9.11,-90.01,251.371
Puchuldiza-Tuja (Chile),Thermal spring,Puchuldiza-Tuja,PT05,79.6,6.36,250.0,2900.0,130.0,45.0,0.5,1812.0,158.0,15.0,136.0,-9.0,-95.22,221.6
Puchuldiza-Tuja (Chile),Thermal spring,Puchuldiza-Tuja,PT06,77.3,6.22,253.0,2650.0,130.0,40.0,0.5,1585.0,177.0,13.0,139.0,-8.72,-93.82,241.273
Puchuldiza-Tuja (Chile),Thermal spring,Puchuldiza-Tuja,PT07,86.9,6.06,328.0,1684.0,71.0,57.0,1.2,1090.0,102.0,9.0,140.0,-11.42,-100.6,227.061
Puchuldiza-Tuja (Chile),Thermal spring,Puchuldiza-Tuja,PT08,84.0,7.03,210.0,2405.0,103.0,22.0,0.2,1694.0,188.0,12.0,150.0,-8.04,-96.81,240.76
Puchuldiza-Tuja (Chile),Thermal spring,Puchuldiza-Tuja,PT09,74.9,6.54,84.0,2277.0,71.0,70.0,3.0,1300.0,92.0,9.0,140.0,-10.37,-98.78,206.135
Puchuldiza-Tuja (Chile),Thermal spring,Puchuldiza-Tuja,PT10,81.8,6.85,167.0,3323.0,89.0,58.0,0.2,2170.0,207.0,15.0,138.0,-8.64,-93.8,228.566
Puchuldiza-Tuja (Chile),Thermal spring,Puchuldiza-Tuja,PT11,73.5,5.16,22.0,2496.0,219.0,69.0,0.2,1660.0,144.0,15.0,139.0,-5.36,-87.76,221.205
Puchuldiza-Tuja (Chile),Thermal spring,Puchuldiza-Tuja,PT12,87.3,1.76,0.0,2444.0,119.0,64.0,0.4,1731.0,147.0,12.0,135.0,-7.89,-98.56,219.587
El Tatio (Chile),Thermal spring,El Tatio,ET01,87.6,5.35,26.0,5100.0,30.0,177.0,1.0,2650.0,395.0,30.0,149.0,-10.37,-98.78,266.31
El Tatio (Chile),Thermal spring,El Tatio,ET02,87.9,6.48,89.0,4650.0,40.0,202.0,4.5,2575.0,152.0,26.0,149.0,-7.89,-98.56,193.46
El Tatio (Chile),Thermal spring,El Tatio,ET03,82.8,5.31,32.0,6500.0,61.0,267.0,2.1,3390.0,182.0,36.0,188.0,-3.12,-63.29,187.095
El Tatio (Chile),Thermal spring,El Tatio,ET04,84.8,5.84,43.0,5400.0,170.0,204.0,1.5,3240.0,335.0,37.0,186.0,-5.8,-70.73,234.984
El Tatio (Chile),Thermal spring,El Tatio,ET05,85.1,5.75,43.0,5400.0,170.0,204.0,1.5,3240.0,335.0,37.0,180.0,-5.8,-70.73,234.984
El Tatio (Chile),Thermal spring,El Tatio,ET06,87.8,7.2,64.0,5750.0,42.5,215.0,0.7,3230.0,336.0,39.0,192.0,-5.41,-68.19,235.474
Baños Las Calerías,Thermal spring,Tinguiririca,28,61.0,6.3,830.0,3590.0,1620.0,730.0,39.0,2360.0,203.0,10.0,149.0,-13.3,-106.0,220.0
Termas del Flaco 1,Bubbling pool,Tinguiririca,32,63.7,6.9,170.0,1801.0,288.0,139.0,5.9,1182.0,128.0,3.9,149.0,-12.2,-95.1,238.0
Termas del Flaco 2,Bubbling pool,Tinguiririca,33,89.4,6.9,183.0,1652.0,287.0,135.0,5.2,1135.0,119.0,4.3,149.0,-11.5,-91.1,240.0
Termas de San Pedro,Thermal spring,El Maule,34,24.0,7.1,564.0,8390.0,1177.0,768.0,25.0,3698.0,729.0,3.1,149.0,-13.3,-96.8,290.0
Barro Colorado 1,Thermal spring,El Tatio,39,75.0,7.4,245.0,1244.0,106.0,80.0,6.3,860.0,67.0,1.9,149.0,-12.8,-94.4,215.0
Termas del Campanario 1,Bubbling pool,El Maule,49,45.7,6.3,517.0,12.061,508.0,1925.0,85.0,5335.0,340.0,17.0,149.0,-13.6,-101.0,200.0
El Tatio (Chile),Well,El Tatio,T1,211.0,6.8,21.0,5820.0,47.0,196.0,3.7,3340.0,310.0,23.0,293.0,-6.0,-73.0,211.0
El Tatio (Chile),Well,El Tatio,T2,227.0,6.8,35.0,6020.0,33.0,197.0,3.7,3430.0,431.0,28.0,298.0,-6.3,-78.0,227.0
El Tatio (Chile),Well,El Tatio,T3,253.0,6.6,9.0,4490.0,44.0,198.0,3.7,2570.0,127.0,21.0,173.0,-6.8,-75.0,253.0
El Tatio (Chile),Well,El Tatio,T4,220.0,6.7,59.0,5650.0,45.0,167.0,3.7,3430.0,148.0,20.0,246.0,-6.6,-77.0,229.0
El Tatio (Chile),Well,El Tatio,T5,212.0,6.7,48.0,6690.0,34.0,219.0,3.7,3760.0,519.0,32.0,343.0,-5.6,-72.0,212.0
Sol de Mañana (Bolivia),Well,Sol de Mañana-Laguna Colorada,SM-1,25.0,6.98,22.9,7160.0,24.7,206.0,0.042,4060.0,704.0,42.6,784.0,-9.41,-88.6,249.0
Sol de Mañana (Bolivia),Well,Sol de Mañana-Laguna Colorada,SM-2,52.0,7.12,30.7,7100.0,28.9,192.0,0.027,4080.0,697.0,41.4,1330.0,-10.15,-91.8,250.0
Sol de Mañana (Bolivia),Well,Sol de Mañana-Laguna Colorada,SM-3,124.0,4.32,2.0,7500.0,30.5,219.0,0.1,4310.0,720.0,44.5,619.0,-6.51,-82.1,247.0
Sol de Mañana (Bolivia),Well,Sol de Mañana-Laguna Colorada,SM-4,67.0,6.14,18.533,7253.333,28.033,205.667,0.056,4150.0,707.0,42.833,911.0,-8.69,-87.5,245.0
Sol de Mañana (Bolivia),Well,Sol de Mañana-Laguna Colorada,SM-5,67.0,6.14,18.533,7253.333,28.033,205.667,0.056,4150.0,707.0,42.833,911.0,-8.69,-87.5,248.0
Apacheta (Bolivia),Well,Sol de Mañana-Laguna Colorada,AP-1,67.0,6.14,18.533,7253.333,28.033,205.667,0.056,4150.0,707.0,42.833,911.0,-8.69,-87.5,245.0
